Year,1961,1962,1963,1964,1965,1966,1967,1968,1969,1970,1971,1972,1973,1974,1975,1976,1977,1978,1979,1980,1981,1982,1983,1984,1985,1986,1987,1988,1989,1990,1991,1992,1993,1994,1995,1996,1997,1998,1999,2000,2001,2002,2003,2004,2005,2006,2007,2008,2009,2010,2011,2012,2013,2014,2015,2016,2017,2018,2019,2020,,Year
Cereals excluding rice,94786.4717,101345.7322,106367.5445,114446.057,121813.0317,134250.4958,142219.1053,150487.9532,155926.7597,164484.59,176160.7085,180264.2492,192550.7017,192114.0659,206646.035,218326.4556,223223.1414,240006.0336,244704.1181,255136.7061,257546.5859,259564.3848,267098.2858,283913.1988,284777.3591,288024.4113,292243.7421,295752.6337,297701.1631,295866.0182,285287.4307,280033.8835,274531.5664,273549.5202,281155.9965,297993.776,296931.3104,296819.3141,298694.0048,289589.999,293826.5526,299019.9112,305103.1585,317340.7778,316179.8412,322237.6125,332661.5823,334662.2289,337844.5298,344951.206,360837.6929,359672.6823,372781.4545,376387.1732,375176.4374,383342.9594,389279.1679,381562.3362,386126.0034,397074.0052,,Cereals excluding rice
Rice,519626.322,538910.6461,541149.3425,564135.5775,564572.4022,575142.7487,581605.5438,592782.6864,600505.9628,611188.6882,622243.6036,614326.6779,636873.3916,639972.3348,662219.2708,661044.8334,673130.8107,678949.0836,671324.8437,687546.3092,691669.0451,679608.4013,686145.3712,698987.3689,696978.7388,699211.9499,691318.6874,716533.7474,729708.0869,724030.492,721508.2644,724233.8463,716487.7426,724737.3494,743802.2741,756602.1059,756845.5489,756174.9335,785945.7976,768020.9556,758873.213,747246.7394,749038.1273,766418.7584,782232.5948,786287.6525,788498.3492,807036.3318,806356.7391,821426.462,826584.1935,824986.1064,833373.7734,828676.2714,818632.4177,823527.0537,834600.398,842273.1039,821710.3188,839150.8784,,Rice
Raw milk of sheep,29940.5792,29897.9497,30259.7067,30570.293,30759.3916,31245.9745,31904.9796,32262.137,31963.5743,31961.3834,31554.1117,31400.4203,31880.3497,32284.8613,32897.0579,33565.3679,34440.012,35373.3579,36092.0235,37151.6103,37900.2957,38484.3601,39498.1982,37966.5677,38137.8699,37804.033,38332.3009,39249.7449,39887.7745,41230.2436,43473.1667,45865.4514,45788.0037,46853.2246,47065.4454,47714.3496,47548.9026,47917.3011,48409.6006,48736.9836,48567.1386,48659.2237,47341.2098,47567.5471,49234.2524,49785.1875,51140.4395,50530.0668,52359.5219,58700.3614,59149.6007,57632.8549,55038.0739,55128.3254,55572.9132,57403.7976,57206.86,57731.8777,59250.6463,59232.1607,,Raw milk of sheep
Raw milk of goats,17506.5169,17304.3223,17097.6297,17241.3938,17509.9943,17306.4691,17502.4754,17857.167,17960.8701,18012.7756,18092.0806,17995.1895,18123.0261,18591.5187,19246.0387,19826.7245,20636.8734,21319.0161,21738.9346,21887.4666,22443.8916,22749.7739,23063.7471,23229.1763,23902.5666,24682.4451,25049.7089,25726.5819,26400.882,29213.2546,30604.5663,30828.0785,31948.2481,33814.1224,35048.174,34423.0065,35610.5477,36120.2688,38061.9516,37715.8831,37506.2549,38733.6565,39718.6715,40106.5196,41690.2279,41982.0601,43041.4035,43171.6945,44700.0666,51610.8056,53710.8193,51701.1983,47379.5998,46791.8076,48002.102,49051.2225,49758.3259,51159.5647,52388.8043,52133.9675,,Raw milk of goats
Raw milk of cattle,623301.9847,621494.3753,621427.2428,615651.0211,616399.0074,629647.3933,629403.1037,633041.2941,632836.2748,623183.0911,625457.9416,631506.5112,631002.3881,638376.6745,645599.9188,650203.776,657095.0467,662488.4113,670958.934,678534.3128,682325.8538,686171.7664,691722.7049,691798.0552,690587.6877,694133.9842,687405.1804,682777.4966,684265.6597,683438.942,676435.0298,658448.361,651082.4145,654816.6242,650628.9836,640063.9403,634455.7935,629118.437,627191.0724,622937.8342,626104.4594,629802.1525,641619.4761,646991.1909,650074.0582,658450.2953,669595.692,676694.2606,689061.8311,693088.704,697029.8915,707440.1831,708533.8985,716163.963,709992.74,713529.8508,702229.1652,702237.9187,697368.986,696053.729,,Raw milk of cattle
Raw milk of camel,2988.0074,3123.3218,3313.4139,3533.1217,3698.7479,3906.7081,4086.5509,4234.0471,4273.9886,4621.3569,4708.7587,4766.1192,4705.2172,4752.1526,4957.2047,5063.8292,5251.0546,5432.122,5469.3819,5487.3522,5650.6393,5818.1012,5863.7939,5918.876,6030.1167,6049.9189,6215.2156,6352.7904,6465.1644,6196.5841,6344.2692,6150.3884,6039.0998,6178.3029,6361.6356,6419.7238,6536.6697,6480.577,6576.2931,6877.1546,6740.2269,7152.7891,7058.0732,7482.1938,7551.377,7067.1042,7973.5086,8675.1432,8868.2649,8805.5731,9167.5296,11306.5896,11726.2807,11421.808,11826.9948,11879.6452,12107.2919,12197.2624,12914.2527,13108.9685,,Raw milk of camel
Raw milk of buffalo,37291.0735,37851.9256,38269.3012,38634.0207,39161.0272,39315.5878,38610.2989,40188.8514,40704.2706,41486.9677,44403.4797,45014.753,45486.3828,46027.2512,46617.2513,48645.8992,50387.464,48871.511,51577.2631,54143.0828,56209.6713,57123.6803,58240.5189,62122.9569,64277.3487,68153.5955,69202.8029,71358.3073,75205.5867,76155.3925,81491.4964,77911.1057,78844.6561,80900.9351,82464.1755,85030.5556,86196.7139,89245.7989,89169.5078,90330.9266,93263.307,94866.6792,95674.536,98332.0338,101125.0321,102767.3817,106203.8683,107490.3621,109756.7916,112269.3221,115049.3425,116819.5025,118429.9769,120079.417,123895.895,127224.5806,129305.6591,132823.5699,132569.4555,133302.269,,Raw milk of buffalo
Meat of sheep fresh or chilled,244311.6463,246206.5713,246453.5956,249305.7814,253028.5282,253851.6964,259065.8672,262490.5601,265083.3554,260525.4577,261814.7145,254155.2951,245639.0596,248591.6384,253115.5884,251698.3888,246224.5996,248410.6909,252672.2334,259156.0162,261334.0735,266068.709,263645.8252,264812.7904,265458.0106,267927.7148,270969.8432,275612.8548,283339.8782,284350.1091,276085.2252,258478.1669,246434.5047,240876.5917,230004.9354,224854.1055,219746.1933,219353.4438,220432.7355,220791.6206,213709.4373,211040.4773,213384.1111,219684.9512,224703.1124,223830.6103,224004.6573,219588.4316,215697.8814,207975.0097,212021.3446,216993.291,225127.2892,223197.8154,229381.4056,230319.4235,233205.6671,233604.3573,236924.446,241120.8039,,Meat of sheep fresh or chilled
Meat of pig with the bone fresh or chilled,98015.3932,103496.9166,106793.771,106874.5177,112180.058,112613.8163,119822.6665,120873.4014,120339.9522,122938.3266,137845.8739,144036.9586,145713.1713,147080.3281,144949.9231,141577.8166,148649.6779,154717.906,160802.6707,168207.4874,165423.9142,163083.0327,163104.1501,166515.1077,166598.1203,171531.9167,172768.2421,173579.0856,175422.5888,175668.5469,178643.3722,178614.7963,178766.2858,180179.1447,181129.5379,181491.4974,173282.2353,178123.43,180273.2222,181185.0803,179101.062,181470.6109,183138.8601,182367.5377,184440.614,188206.9166,188405.4788,191403.4346,194274.2728,195469.3968,196046.1015,197148.7453,196035.8964,199113.5691,200750.3527,200964.7795,201181.7694,201415.4761,186721.6166,200012.1799,,Meat of pig with the bone fresh or chilled
Meat of goat fresh or chilled,64563.5683,68239.1041,69877.1759,69341.4446,68863.8535,69370.2176,69599.3479,70783.3651,70878.049,70814.4696,71692.9826,72565.1327,72484.0003,74184.7625,76187.8825,78122.5559,78780.33,82024.9859,85309.341,87382.844,89142.2349,90625.2004,92622.2581,90723.8315,90581.9894,93024.2536,97982.5039,102739.3979,108701.0196,109543.8792,110890.9352,112631.0929,113331.511,118498.3605,124719.6605,132689.2966,129017.7873,133640.697,136072.8707,140867.2869,144090.4303,145781.8878,148605.0567,154131.6703,158566.5828,158592.3793,164239.3425,169155.2851,170570.1997,164490.1444,165741.3136,172315.4472,180996.9729,184984.386,188552.0248,193223.3423,196374.3434,200040.7383,208717.0775,213392.2794,,Meat of goat fresh or chilled
Meat of chickens fresh or chilled,6873.1955,7203.2928,7627.8652,7708.1086,7897.1219,8043.7236,8512.8717,8878.4421,9212.9414,9650.8874,9961.2668,10432.1399,10760.8988,11062.1522,11241.028,11600.2275,12108.5449,13483.493,14467.2043,15484.0654,16569.1474,17239.9535,17794.9476,18591.7422,19371.8125,20731.9234,22221.8093,23375.9637,24395.1152,25343.3492,26543.7665,28015.9857,29699.4923,30514.2147,31225.8986,33117.7553,34904.9346,31034.1083,32236.3709,34287.8197,35892.0514,39536.9742,39486.2365,40822.728,41958.8369,42616.1549,44642.6447,46410.2433,48825.1887,50065.6015,48841.0671,49969.5559,51435.0034,51751.2409,54014.2629,56654.9402,65061.3548,66558.9479,67505.8899,66752.6474,,Meat of chickens fresh or chilled
Meat of cattle with the bone fresh or chilled,1241065.283,1272107.151,1295157.974,1323357.724,1361109.802,1390210.357,1429575.3,1452830.92,1459601.642,1484105.448,1511117.239,1553849.372,1594621.104,1645572.835,1680244.274,1698107.318,1699669.762,1689535.145,1685463.258,1699417.674,1713384.693,1731354.559,1738255.302,1752442.408,1759944.301,1765094.915,1764540.114,1772073.698,1797383.035,1807968.286,1816731.453,1821858.088,1823812.842,1839714.615,1852393.767,1860778.022,1821622.417,1819647.294,1820868.419,1830710.513,1829456.347,1849377.514,1864734.521,1881469.131,1896304.11,1909345.707,1911512.599,1925617.439,1904236.819,1898296.862,1899086.824,1907857.834,1912955.037,1922396.713,1944308.805,1969141.192,1989435.06,2011714.989,2036674.554,2055500.578,,Meat of cattle with the bone fresh or chilled
Meat of buffalo fresh or chilled,135382.1528,136744.4482,137250.442,144070.0865,145530.203,154492.161,159714.4886,164616.245,167709.4778,168915.1952,168834.7194,169996.7415,172387.1507,175581.0418,174799.7888,174160.277,174284.2263,179250.3988,181073.4519,183384.7996,186636.4151,192214.2859,195996.5103,198090.084,201921.1456,208834.901,207730.845,209094.7617,209076.7731,213020.2812,210485.7386,219403.601,221497.5098,223951.4907,226481.3157,225128.5246,219284.5269,223302.6766,226366.4816,228957.2623,229858.0162,233011.7635,237542.2063,239626.3095,242538.6838,247813.7362,251046.1566,252988.052,267688.7718,264899.9525,263959.8917,264432.1348,263333.1237,264569.9613,263363.0777,262476.0765,261031.3341,260460.6381,259911.1427,261235.0713,,Meat of buffalo fresh or chilled
Hen eggs in shell fresh,16851.6898,17216.7679,17125.2344,17424.6099,18005.7308,18587.4256,19437.4255,19889.2132,20412.4227,21675.4585,22413.4311,22562.2775,22892.7767,23313.4448,23537.7107,24071.6363,24443.9921,23048.7825,23460.34,23645.9667,23646.1534,23892.9141,24109.9733,24719.6939,25413.0053,25779.9787,26234.915,26510.8969,26687.395,26955.4929,27438.3811,26218.9088,26078.2716,27694.6706,28286.3499,28840.0432,29437.847,30180.2106,31032.3363,31858.9364,32588.6388,33497.1345,34447.7214,35720.6839,36607.4313,37678.6137,38418.3123,39359.7484,39678.6652,40874.2669,41451.9275,42747.1517,43229.8016,43987.4051,44421.1705,45229.1902,45729.2737,46694.5203,48093.3638,48148.8782,,Hen eggs in shell fresh
,,,,,,,,,,,,,,,,,,,,,,,,,,,,,,,,,,,,,,,,,,,,,,,,,,,,,,,,,,,,,,
Sheep,274252.2255,276104.521,276713.3023,279876.0744,283787.9198,285097.6709,290970.8468,294752.6971,297046.9297,292486.8411,293368.8262,285555.7154,277519.4093,280876.4997,286012.6463,285263.7567,280664.6116,283784.0488,288764.2569,296307.6265,299234.3692,304553.0691,303144.0234,302779.3581,303595.8805,305731.7478,309302.1441,314862.5997,323227.6527,325580.3527,319558.3919,304343.6183,292222.5084,287729.8163,277070.3808,272568.4551,267295.0959,267270.7449,268842.3361,269528.6042,262276.5759,259699.701,260725.3209,267252.4983,273937.3648,273615.7978,275145.0968,270118.4984,268057.4033,266675.3711,271170.9453,274626.1459,280165.3631,278326.1408,284954.3188,287723.2211,290412.5271,291336.235,296175.0923,300352.9646,,Sheep
Goats,82070.0852,85543.4264,86974.8056,86582.8384,86373.8478,86676.6867,87101.8233,88640.5321,88838.9191,88827.2452,89785.0632,90560.3222,90607.0264,92776.2812,95433.9212,97949.2804,99417.2034,103344.002,107048.2756,109270.3106,111586.1265,113374.9743,115686.0052,113953.0078,114484.556,117706.6987,123032.2128,128465.9798,135101.9016,138757.1338,141495.5015,143459.1714,145279.7591,152312.4829,159767.8345,167112.3031,164628.335,169760.9658,174134.8223,178583.17,181596.6852,184515.5443,188323.7282,194238.1899,200256.8107,200574.4394,207280.746,212326.9796,215270.2663,216100.95,219452.1329,224016.6455,228376.5727,231776.1936,236554.1268,242274.5648,246132.6693,251200.303,261105.8818,265526.2469,,Goats
Cattle,1864367.268,1893601.526,1916585.217,1939008.745,1977508.809,2019857.75,2058978.404,2085872.214,2092437.917,2107288.539,2136575.181,2185355.883,2225623.492,2283949.51,2325844.193,2348311.094,2356764.809,2352023.556,2356422.192,2377951.987,2395710.547,2417526.325,2429978.007,2444240.463,2450531.989,2459228.899,2451945.294,2454851.195,2481648.695,2491407.228,2493166.483,2480306.449,2474895.257,2494531.239,2503022.751,2500841.962,2456078.211,2448765.731,2448059.491,2453648.347,2455560.806,2479179.667,2506353.997,2528460.322,2546378.168,2567796.002,2581108.291,2602311.7,2593298.65,2591385.566,2596116.716,2615298.017,2621488.936,2638560.676,2654301.545,2682671.043,2691664.225,2713952.908,2734043.54,2751554.307,,Cattle
Buffalo,172673.2263,174596.3738,175519.7432,182704.1072,184691.2302,193807.7488,198324.7875,204805.0964,208413.7484,210402.1629,213238.1991,215011.4945,217873.5335,221608.293,221417.0401,222806.1762,224671.6903,228121.9098,232650.715,237527.8824,242846.0864,249337.9662,254237.0292,260213.0409,266198.4943,276988.4965,276933.6479,280453.069,284282.3598,289175.6737,291977.235,297314.7067,300342.1659,304852.4258,308945.4912,310159.0802,305481.2408,312548.4755,315535.9894,319288.1889,323121.3232,327878.4427,333216.7423,337958.3433,343663.7159,350581.1179,357250.0249,360478.4141,377445.5634,377169.2746,379009.2342,381251.6373,381763.1006,384649.3783,387258.9727,389700.6571,390336.9932,393284.208,392480.5982,394537.3403,,Buffalo
Chicken,23724.8853,24420.0607,24753.0996,25132.7185,25902.8527,26631.1492,27950.2972,28767.6553,29625.3641,31326.3459,32374.6979,32994.4174,33653.6755,34375.597,34778.7387,35671.8638,36552.537,36532.2755,37927.5443,39130.0321,40215.3008,41132.8676,41904.9209,43311.4361,44784.8178,46511.9021,48456.7243,49886.8606,51082.5102,52298.8421,53982.1476,54234.8945,55777.7639,58208.8853,59512.2485,61957.7985,64342.7816,61214.3189,63268.7072,66146.7561,68480.6902,73034.1087,73933.9579,76543.4119,78566.2682,80294.7686,83060.957,85769.9917,88503.8539,90939.8684,90292.9946,92716.7076,94664.805,95738.646,98435.4334,101884.1304,110790.6285,113253.4682,115599.2537,114901.5256,,Chicken
,,,,,,,,,,,,,,,,,,,,,,,,,,,,,,,,,,,,,,,,,,,,,,,,,,,,,,,,,,,,,,
Cereals,614412.7937,640256.3783,647516.887,678581.6345,686385.4339,709393.2445,723824.6491,743270.6396,756432.7225,775673.2782,798404.3121,794590.9271,829424.0933,832086.4007,868865.3058,879371.289,896353.9521,918955.1172,916028.9618,942683.0153,949215.631,939172.7861,953243.657,982900.5677,981756.0979,987236.3612,983562.4295,1012286.381,1027409.25,1019896.51,1006795.695,1004267.73,991019.309,998286.8696,1024958.271,1054595.882,1053776.859,1052994.248,1084639.802,1057610.955,1052699.766,1046266.651,1054141.286,1083759.536,1098412.436,1108525.265,1121159.932,1141698.561,1144201.269,1166377.668,1187421.886,1184658.789,1206155.228,1205063.445,1193808.855,1206870.013,1223879.566,1223835.44,1207836.322,1236224.884,,Cereals
Animal,2518091.091,2560886.146,2590653.353,2623712.123,2674143.465,2728591.53,2787235.376,2827945.643,2840976.819,2857890.818,2907896.6,2958280.91,2995695.525,3065418.662,3113393.667,3136643.817,3151971.584,3163955.82,3189085.036,3233882.678,3260666.983,3294826.336,3313917.93,3336931.29,3352223.975,3383749.58,3388653.481,3408451.58,3457230.873,3479084.361,3485167.4,3464424.025,3453322.84,3483992.297,3495809.88,3500550.82,3437644.569,3444164.243,3456690.861,3475257.301,3476877.369,3512930.864,3552750.68,3594302.497,3634794.319,3668136.147,3700224.103,3731084.162,3745718.275,3746546,3761255.654,3796364.488,3814220.955,3839586.412,3874081.744,3917098.041,3942626.104,3976639.861,3999040.235,4039993.533,,Animal
,3132503.885,3201142.525,3238170.24,3302293.757,3360528.899,3437984.775,3511060.025,3571216.283,3597409.542,3633564.096,3706300.912,3752871.837,3825119.619,3897505.062,3982258.973,4016015.106,4048325.536,4082910.937,4105113.998,4176565.694,4209882.614,4233999.122,4267161.587,4319831.857,4333980.073,4370985.941,4372215.91,4420737.961,4484640.123,4498980.872,4491963.096,4468691.754,4444342.149,4482279.167,4520768.15,4555146.702,4491421.429,4497158.491,4541330.664,4532868.256,4529577.135,4559197.514,4606891.965,4678062.033,4733206.755,4776661.412,4821384.035,4872782.722,4889919.544,4912923.668,4948677.541,4981023.277,5020376.182,5044649.856,5067890.599,5123968.054,5166505.67,5200475.301,5206876.558,5276218.416,,
Cereals %,19.61411115,20.00087073,19.99638188,20.54879682,20.42492282,20.63398447,20.61555894,20.81281504,21.02715061,21.34744999,21.54181031,21.17287671,21.68361191,21.34920641,21.81840286,21.89661308,22.14135064,22.50735153,22.31433676,22.57076949,22.54731825,22.18169534,22.33905695,22.75321355,22.65252912,22.58612529,22.49574243,22.89858368,22.90951385,22.66950092,22.41326729,22.47341694,22.29844768,22.27185841,22.67221491,23.15174353,23.46199029,23.41465727,23.88374427,23.33204706,23.24057488,22.94848265,22.88183213,23.16684833,23.20651712,23.20711412,23.25390227,23.43011429,23.39918395,23.74100936,23.99473145,23.78344213,24.0251962,23.88795018,23.55632648,23.55342579,23.68872975,23.5331459,23.19694559,23.43013094,,Cereals %
Animal %,80.38588885,79.99912927,80.00361812,79.45120318,79.57507718,79.36601553,79.38444106,79.18718496,78.97284939,78.65255001,78.45818969,78.82712329,78.31638809,78.65079359,78.18159714,78.10338692,77.85864936,77.49264847,77.68566324,77.42923051,77.45268175,77.81830466,77.66094305,77.24678645,77.34747088,77.41387471,77.50425757,77.10141632,77.09048615,77.33049908,77.58673271,77.52658306,77.70155232,77.72814159,77.32778509,76.84825647,76.53800971,76.58534273,76.11625573,76.66795294,76.75942512,77.05151735,77.11816787,76.83315167,76.79348288,76.79288588,76.74609773,76.56988571,76.60081605,76.25899064,76.00526855,76.21655787,75.9748038,76.11204982,76.44367352,76.44657421,76.31127025,76.4668541,76.80305441,76.56986906,,Animal %
,,,,,,,,,,,,,,,,,,,,,,,,,,,,,,,,,,,,,,,,,,,,,,,,,,,,,,,,,,,,,,
Meat,1790211.239,1833997.484,1863160.824,1900657.663,1948609.567,1988581.972,2046290.542,2080472.934,2092825.418,2116949.785,2161266.796,2205035.64,2241605.385,2302072.758,2340538.485,2355266.584,2359717.141,2367422.62,2379788.159,2413032.887,2432490.478,2460585.741,2471418.993,2491175.964,2503875.379,2527145.625,2536213.358,2556475.762,2598318.41,2615894.452,2619380.491,2619001.731,2613542.146,2633734.417,2645955.115,2658059.201,2597858.094,2605101.65,2616250.1,2636799.583,2632107.344,2660219.228,2686890.992,2718102.328,2748511.94,2770405.504,2783850.879,2805162.886,2801293.133,2781196.967,2785696.543,2808717.008,2829883.323,2846013.686,2880369.929,2912779.754,2946289.529,2973795.147,2996454.727,3038013.56,,Meat
Milk andEggs,727879.8515,726888.6626,727492.5287,723054.4602,725533.8992,740009.5584,740944.834,747472.7098,748151.4011,740941.0332,746629.8034,753245.2707,754090.1406,763345.9031,772855.1821,781377.2331,792254.4428,796533.2008,809296.8771,820849.7914,828176.5051,834240.596,842498.9363,845755.326,848348.5949,856603.9554,852440.1237,851975.818,858912.4623,863189.9097,865786.9095,845422.2938,839780.6938,850257.8798,849854.764,842491.619,839786.4744,839062.5934,840440.7618,838457.7185,844770.0256,852711.6355,865859.688,876200.1691,886282.3789,897730.6425,916373.2242,925921.2756,944425.1413,965349.0331,975559.1111,987647.4801,984337.6314,993572.7261,993711.8155,1004318.287,996336.5758,1002844.714,1002585.509,1001979.973,,Milk andEggs
,2518091.091,2560886.147,2590653.352,2623712.123,2674143.466,2728591.53,2787235.376,2827945.644,2840976.819,2857890.818,2907896.6,2958280.911,2995695.525,3065418.661,3113393.667,3136643.817,3151971.584,3163955.82,3189085.036,3233882.678,3260666.983,3294826.337,3313917.93,3336931.29,3352223.974,3383749.58,3388653.481,3408451.58,3457230.872,3479084.361,3485167.4,3464424.025,3453322.839,3483992.297,3495809.879,3500550.82,3437644.569,3444164.243,3456690.862,3475257.301,3476877.37,3512930.863,3552750.68,3594302.497,3634794.319,3668136.147,3700224.103,3731084.161,3745718.275,3746546,3761255.654,3796364.488,3814220.954,3839586.412,3874081.744,3917098.041,3942626.105,3976639.86,3999040.235,4039993.533,,
Meat %,71.09398249,71.61573686,71.91856919,72.44154746,72.86854993,72.87943064,73.41649577,73.56834947,73.6656985,74.07385095,74.32405941,74.53773683,74.82754391,75.09815175,75.17643881,75.0887484,74.86479742,74.82476855,74.62291322,74.6172056,74.60100926,74.68028628,74.57695229,74.65469761,74.692962,74.68477099,74.84428171,75.00402168,75.15605714,75.18916416,75.1579534,75.59703178,75.68195234,75.59529967,75.68933113,75.93259855,75.57087542,75.63813645,75.68655123,75.87350674,75.70319756,75.72648968,75.62847027,75.62252565,75.61671167,75.5262453,75.2346561,75.18358644,74.786541,74.23362657,74.06294065,73.98438735,74.19295727,74.12292316,74.34974579,74.36065484,74.7291133,74.78160586,74.9293468,75.19847582,,Meat %
Milk andEggs %,28.90601751,28.38426314,28.08143081,27.55845254,27.13145007,27.12056936,26.58350423,26.43165053,26.3343015,25.92614905,25.67594059,25.46226317,25.17245609,24.90184825,24.82356119,24.9112516,25.13520258,25.17523145,25.37708678,25.3827944,25.39899074,25.31971372,25.42304771,25.34530239,25.307038,25.31522901,25.15571829,24.99597832,24.84394286,24.81083584,24.8420466,24.40296822,24.31804766,24.40470033,24.31066887,24.06740145,24.42912458,24.36186355,24.31344877,24.12649326,24.29680244,24.27351032,24.37152973,24.37747435,24.38328833,24.4737547,24.7653439,24.81641356,25.213459,25.76637343,25.93705935,26.01561265,25.80704273,25.87707684,25.65025421,25.63934516,25.2708867,25.21839414,25.0706532,24.80152418,,Milk andEggs %
,,,,,,,,,,,,,,,,,,,,,,,,,,,,,,,,,,,,,,,,,,,,,,,,,,,,,,,,,,,,,,
,3132503.885,3201142.525,3238170.24,3302293.757,3360528.899,3437984.775,3511060.025,3571216.283,3597409.542,3633564.096,3706300.912,3752871.837,3825119.619,3897505.062,3982258.973,4016015.106,4048325.536,4082910.937,4105113.998,4176565.694,4209882.614,4233999.122,4267161.587,4319831.857,4333980.073,4370985.941,4372215.91,4420737.961,4484640.123,4498980.872,4491963.096,4468691.754,4444342.149,4482279.167,4520768.15,4555146.702,4491421.429,4497158.491,4541330.664,4532868.256,4529577.135,4559197.514,4606891.965,4678062.033,4733206.755,4776661.412,4821384.035,4872782.722,4889919.544,4912923.668,4948677.541,4981023.277,5020376.182,5044649.856,5067890.599,5123968.054,5166505.67,5200475.301,5206876.558,5276218.416,,
Cereals excluding rice %,3.02590117,3.165923773,3.284803967,3.465653434,3.624817264,3.904918276,4.050603074,4.213913168,4.334417805,4.526811298,4.753006102,4.803368114,5.033847851,4.929155006,5.189166159,5.436395278,5.51396224,5.878306857,5.960957922,6.108767941,6.117666678,6.130478002,6.259390004,6.572320594,6.570804534,6.589460941,6.684110485,6.690119077,6.638239747,6.576289757,6.351063547,6.266574176,6.177102419,6.102911265,6.219208488,6.541913916,6.611076585,6.600152401,6.577235329,6.388670102,6.486842896,6.558608401,6.622754794,6.783594906,6.680034437,6.746084446,6.899711367,6.867989976,6.908999766,7.021301964,7.291598411,7.220859295,7.425368956,7.461115913,7.403009794,7.481369036,7.534670292,7.337066597,7.415693442,7.525731004,,Cereals excluding rice %
Rice %,16.58820998,16.83494696,16.71157791,17.08314338,16.80010555,16.72906619,16.56495587,16.59890187,16.69273281,16.82063869,16.78880421,16.36950859,16.64976406,16.42005141,16.6292367,16.4602178,16.6273884,16.62904467,16.35337883,16.46200155,16.42965157,16.05121734,16.07966695,16.18089296,16.08172458,15.99666435,15.81163194,16.2084646,16.2712741,16.09321117,16.06220374,16.20684277,16.12134527,16.16894715,16.45300642,16.60982961,16.8509137,16.81450487,17.30650895,16.94337696,16.75373198,16.38987425,16.25907733,16.38325343,16.52648269,16.46102968,16.3541909,16.56212431,16.49018418,16.7197074,16.70313304,16.56258284,16.59982725,16.42683427,16.15331668,16.07205675,16.15405946,16.1960793,15.78125215,15.90439994,,Rice %
Sheep %,8.755048217,8.625186754,8.545359936,8.475202237,8.444739751,8.292580962,8.287264949,8.253566117,8.257245283,8.049585294,7.915407657,7.608991934,7.255182504,7.206571774,7.18217093,7.103154475,6.932856785,6.95053243,7.034256711,7.094528094,7.107902918,7.193035717,7.104113993,7.009054243,7.0050133,6.99457175,7.074265097,7.122399076,7.207437919,7.236757879,7.114003056,6.810575332,6.575157776,6.419274784,6.128834118,5.983747021,5.951236154,5.943102638,5.919902249,5.94609393,5.790310399,5.696171315,5.65946245,5.71288915,5.787563886,5.728180715,5.706765834,5.543413565,5.481836683,5.428038152,5.479664882,5.513448355,5.580565139,5.517253897,5.622740136,5.61524229,5.621062777,5.602107849,5.688152754,5.692580195,,Sheep %
Goats %,2.619951586,2.672277968,2.685924432,2.621899951,2.570245648,2.521148067,2.480784227,2.482082436,2.469524753,2.4446313,2.422497939,2.413093922,2.368737071,2.380401814,2.396477021,2.438966932,2.455761092,2.531135349,2.607680947,2.616271804,2.650575722,2.677727865,2.71107627,2.637903779,2.641557047,2.69290957,2.813955562,2.905984949,3.012547226,3.084190348,3.149970258,3.210317007,3.268869818,3.398103448,3.534086005,3.668648104,3.665394967,3.774849522,3.834444906,3.939738813,4.009131091,4.04710574,4.087869427,4.152108042,4.230890833,4.199050804,4.299195926,4.357407085,4.402327367,4.398622177,4.434561175,4.497402101,4.548993231,4.594495162,4.667703893,4.728260642,4.764006565,4.830333546,5.014635529,5.032510521,,Goats %
Cattle %,59.51683818,59.15392743,59.1872902,58.71702784,58.84516599,58.75121277,58.64264322,58.4078938,58.16512946,57.99508371,57.64710507,58.23156179,58.18441549,58.60029618,58.40514665,58.47366188,58.21579288,57.60653593,57.40211339,56.93558204,56.90682535,57.0979411,56.94600398,56.58184262,56.54229941,56.26256712,56.08015122,55.53034847,55.33662963,55.3771465,55.50282649,55.50408454,55.68642499,55.65318773,55.36720017,54.90145819,54.68376215,54.45139939,53.90621543,54.13014914,54.21170085,54.37754472,54.40444481,54.04931153,53.79816053,53.75712827,53.5345924,53.40504283,53.0335648,52.74630222,52.46081796,52.5052358,52.21698217,52.30413906,52.37487852,52.35534286,52.09835035,52.18663201,52.5083226,52.15012135,,Cattle %
Buffalo %,5.512306853,5.454189323,5.420337111,5.532642479,5.495897692,5.637248607,5.648572969,5.734883585,5.793439585,5.790517447,5.753396828,5.729252258,5.695861966,5.685901351,5.560086413,5.547941687,5.549743673,5.587236981,5.667338717,5.687157819,5.768476431,5.888947045,5.957989264,6.023684474,6.142125479,6.336979808,6.333942641,6.344032862,6.339022799,6.427581756,6.499991847,6.653282953,6.757854275,6.801281546,6.833915851,6.808981148,6.801437934,6.949910174,6.948095454,7.043844447,7.133586946,7.191582327,7.233005349,7.224323682,7.260695206,7.339459252,7.409698591,7.397793718,7.718850178,7.677083954,7.658798358,7.654082627,7.604272802,7.624897451,7.641423293,7.605446657,7.555144969,7.562466606,7.537735797,7.477653675,,Buffalo %
Chicken %,0.757377682,0.762854528,0.764416253,0.761068528,0.770796904,0.7746151,0.796064351,0.80554223,0.823519362,0.86213825,0.873504302,0.879177836,0.87980714,0.881989797,0.873341963,0.888240279,0.902905082,0.894760529,0.923909648,0.936894927,0.955259433,0.971489753,0.982032671,1.002618563,1.033341572,1.064105507,1.108287543,1.128473595,1.139054836,1.162459757,1.201749579,1.213663808,1.255028574,1.2986448,1.316418947,1.360171308,1.432570571,1.361177709,1.393175522,1.459269327,1.511856144,1.6019071,1.604855474,1.636220541,1.659895126,1.680980955,1.722761688,1.760185023,1.809924542,1.851033611,1.824588364,1.861398802,1.885611786,1.897825394,1.942335405,1.988383404,2.144401566,2.177752256,2.220126643,2.177724964,,Chicken %
Pig Meat %,3.128979143,3.233124292,3.29796654,3.236372217,3.33816674,3.275576353,3.412720536,3.384656426,3.34518355,3.383408779,3.719230499,3.838046297,3.809375545,3.773704607,3.639891933,3.525330779,3.671880549,3.789401933,3.917130457,4.027411508,3.929418688,3.851749327,3.822310142,3.854666413,3.8439983,3.924330094,3.951502983,3.926473071,3.911631346,3.90462978,3.976955474,3.99702656,4.022334011,4.01981086,4.006609759,3.984317285,3.858071171,3.960799477,3.969612335,3.997139782,3.954034928,3.980319131,3.975323526,3.89835655,3.896736897,3.940135178,3.907705286,3.928010862,3.972954382,3.978677667,3.961585694,3.957996868,3.904804925,3.947024566,3.961221119,3.922053716,3.893962036,3.873020531,3.586058063,3.79082449,,Pig Meat %
Cammel Milk %,0.537962295,0.53783197,0.528855283,0.527651723,0.535800505,0.540648863,0.553605617,0.556931074,0.567420041,0.596534365,0.604738569,0.60120032,0.59848525,0.598163297,0.591064289,0.59939108,0.603805002,0.564518376,0.571490585,0.566158141,0.561682013,0.564310795,0.56501196,0.572237409,0.586366455,0.589797795,0.600037042,0.599693923,0.595084428,0.599146644,0.610832737,0.586724488,0.586774616,0.617870275,0.625697867,0.633130941,0.655423844,0.671095107,0.683331354,0.702842761,0.71946316,0.734715581,0.7477432,0.763578671,0.773417119,0.788806458,0.796831616,0.807746839,0.811437997,0.831974394,0.837636463,0.8582002,0.861086899,0.871961511,0.876521891,0.88269852,0.885110297,0.897889474,0.923650931,0.912564159,,Cammel Milk %
,,,,,,,,,,,,,,,,,,,,,,,,,,,,,,,,,,,,,,,,,,,,,,,,,,,,,,,,,,,,,,
,3132503.884,3201142.525,3238170.239,3302293.758,3360528.9,3437984.775,3511060.025,3571216.283,3597409.541,3633564.096,3706300.912,3752871.838,3825119.619,3897505.062,3982258.973,4016015.106,4048325.536,4082910.938,4105113.998,4176565.693,4209882.614,4233999.123,4267161.587,4319831.858,4333980.072,4370985.941,4372215.911,4420737.961,4484640.122,4498980.872,4491963.095,4468691.754,4444342.148,4482279.167,4520768.15,4555146.702,4491421.428,4497158.491,4541330.664,4532868.256,4529577.135,4559197.514,4606891.966,4678062.033,4733206.755,4776661.412,4821384.035,4872782.722,4889919.544,4912923.668,4948677.54,4981023.277,5020376.182,5044649.856,5067890.599,5123968.054,5166505.671,5200475.301,5206876.558,5276218.416,,
Cereals excluding rice %,3.02590117,3.165923773,3.284803968,3.465653434,3.624817263,3.904918276,4.050603074,4.213913168,4.334417806,4.526811298,4.753006102,4.803368114,5.033847851,4.929155007,5.18916616,5.436395278,5.51396224,5.878306857,5.960957922,6.108767941,6.117666679,6.130478002,6.259390004,6.572320594,6.570804534,6.58946094,6.684110485,6.690119078,6.638239747,6.576289757,6.351063547,6.266574176,6.17710242,6.102911265,6.219208488,6.541913916,6.611076586,6.600152401,6.577235328,6.388670101,6.486842895,6.558608402,6.622754794,6.783594907,6.680034437,6.746084445,6.899711367,6.867989976,6.908999765,7.021301964,7.291598412,7.220859295,7.425368956,7.461115913,7.403009794,7.481369036,7.534670292,7.337066598,7.415693442,7.525731004,,Cereals excluding rice %
Rice %,16.58820998,16.83494696,16.71157791,17.08314338,16.80010555,16.72906619,16.56495587,16.59890187,16.69273281,16.82063869,16.78880421,16.36950859,16.64976406,16.42005141,16.62923671,16.4602178,16.6273884,16.62904467,16.35337883,16.46200155,16.42965157,16.05121734,16.07966695,16.18089296,16.08172459,15.99666435,15.81163194,16.2084646,16.2712741,16.09321117,16.06220374,16.20684277,16.12134527,16.16894715,16.45300642,16.60982961,16.8509137,16.81450487,17.30650894,16.94337696,16.75373198,16.38987425,16.25907733,16.38325343,16.52648269,16.46102968,16.3541909,16.56212431,16.49018418,16.7197074,16.70313305,16.56258284,16.59982725,16.42683427,16.15331668,16.07205675,16.15405946,16.1960793,15.78125215,15.90439994,,Rice %
Raw milk of sheep %,0.955803418,0.933977462,0.934469298,0.925729061,0.915314003,0.908845633,0.908699349,0.903393534,0.888516415,0.879615236,0.851364,0.836703774,0.833447131,0.828346873,0.82609037,0.83578789,0.850722396,0.866375937,0.87919662,0.889525343,0.900269655,0.908936421,0.92563165,0.878889942,0.879973356,0.864885715,0.876724793,0.887855042,0.889430889,0.916435183,0.967798839,1.026373129,1.030253796,1.045299118,1.041093988,1.047482172,1.058660457,1.065501721,1.065978326,1.075190825,1.072222354,1.067276062,1.027617104,1.01682164,1.040188079,1.042259084,1.060700395,1.036985839,1.070764487,1.194815254,1.195260758,1.157048496,1.096293822,1.092807766,1.09656892,1.120299678,1.107264051,1.110126947,1.137930689,1.12262526,,Raw milk of sheep %
Raw milk of goats %,0.558866566,0.540567068,0.528002805,0.522103576,0.521048764,0.503389929,0.498495476,0.500030398,0.499272321,0.495732981,0.488143867,0.479504504,0.473789787,0.477010765,0.483294503,0.493691482,0.50976319,0.522152367,0.529557391,0.524054168,0.533123929,0.537311729,0.540493877,0.537733344,0.551515379,0.564688275,0.572929366,0.581952202,0.588695665,0.649330491,0.681318293,0.689868091,0.718852128,0.754395725,0.775270327,0.755694794,0.792856967,0.803179805,0.838123326,0.83205337,0.828029941,0.849571803,0.86215765,0.857331932,0.880803017,0.878899643,0.892718837,0.885976186,0.914126832,1.050511042,1.085357024,1.037963395,0.943746008,0.927553129,0.947181101,0.95728978,0.963094383,0.983747864,1.006146463,0.98809343,,Raw milk of goats %
Raw milk of cattle %,19.89788386,19.4147674,19.19069094,18.64313312,18.34232128,18.31443228,17.92629859,17.72620989,17.59144372,17.15073891,16.87553052,16.8272869,16.49627857,16.37911085,16.21190192,16.19027217,16.23127984,16.22588446,16.34446533,16.24622627,16.20771685,16.20623308,16.21037054,16.01446718,15.9342608,15.88048998,15.72212339,15.44487601,15.25798372,15.19097239,15.05878422,14.73470083,14.64969151,14.60901028,14.3920007,14.05144515,14.12594662,13.98924317,13.81073343,13.74268562,13.8225808,13.81388173,13.92738273,13.83032517,13.73432626,13.78473872,13.88803894,13.88722418,14.09147584,14.10745924,14.085175,14.20270783,14.11316349,14.19650488,14.00963036,13.92533761,13.59195576,13.5033411,13.39323063,13.19228421,,Raw milk of cattle %
Raw milk of camel %,0.095387189,0.09756897,0.102323647,0.106989928,0.110064457,0.113633665,0.116390801,0.118560366,0.118807396,0.127185231,0.127047393,0.126999253,0.123008368,0.121928067,0.124482228,0.12609089,0.129709297,0.133045322,0.133233374,0.131384314,0.134223203,0.13741385,0.13741673,0.137016351,0.139135774,0.138410852,0.142152532,0.143704297,0.14416239,0.137733062,0.141236005,0.137632863,0.135882873,0.137838423,0.140720236,0.140933415,0.145536771,0.144103816,0.144809827,0.151717504,0.148804771,0.15688702,0.153206831,0.159942167,0.1595404,0.147950704,0.165378002,0.178032629,0.181358094,0.17923285,0.185252111,0.22699331,0.233573746,0.226414287,0.233371154,0.231844638,0.234341984,0.2345413,0.248023024,0.248453863,,Raw milk of camel %
Raw milk of buffalo %,1.190455778,1.182450494,1.181818693,1.169914718,1.165323328,1.143564919,1.099676412,1.125354731,1.13148837,1.141770631,1.198053821,1.199474827,1.18914929,1.180941409,1.170623297,1.211297715,1.244649511,1.196977151,1.25641488,1.296354153,1.335183815,1.349166087,1.364853843,1.438087383,1.483102082,1.559227058,1.582785579,1.61417184,1.676959235,1.692725412,1.814162197,1.743488027,1.774045595,1.804906212,1.824118662,1.866691924,1.919141084,1.984493077,1.963510574,1.992798412,2.05898485,2.080775814,2.07676969,2.101982255,2.136501474,2.151447901,2.202767246,2.205933821,2.244552096,2.285183522,2.324850257,2.345291238,2.358986112,2.380332043,2.444723156,2.482930792,2.502768164,2.554065969,2.546045677,2.526473669,,Raw milk of buffalo %
Meat of sheep fresh or chilled %,7.7992448,7.691209291,7.610890638,7.549473176,7.529425747,7.383735328,7.3785656,7.350172582,7.368728869,7.169970058,7.064043658,6.77228816,6.421735373,6.378224902,6.35608056,6.267366585,6.08213439,6.084156493,6.155060091,6.205002752,6.207633263,6.284099295,6.178482344,6.130164301,6.125039944,6.129686034,6.197540303,6.234544034,6.31800703,6.320322696,6.146204217,5.784202203,5.544903981,5.373975666,5.087740131,4.936264849,4.892575698,4.877600917,4.853923922,4.870903105,4.718088045,4.628895253,4.631845346,4.696067509,4.747375808,4.68592163,4.646065439,4.506427726,4.411072196,4.233222899,4.284404124,4.356399859,4.484271318,4.424446131,4.526171217,4.494942612,4.513798725,4.491980902,4.550222065,4.569954935,,Meat of sheep fresh or chilled %
Meat of pig with the bone fresh or chilled %,3.128979143,3.233124292,3.29796654,3.236372217,3.338166739,3.275576353,3.412720536,3.384656426,3.34518355,3.383408779,3.719230499,3.838046297,3.809375545,3.773704608,3.639891933,3.525330779,3.671880549,3.789401933,3.917130457,4.027411509,3.929418688,3.851749327,3.822310142,3.854666413,3.8439983,3.924330094,3.951502982,3.926473072,3.911631347,3.90462978,3.976955474,3.99702656,4.022334011,4.01981086,4.00660976,3.984317285,3.858071171,3.960799477,3.969612335,3.997139782,3.954034927,3.980319132,3.975323526,3.898356551,3.896736896,3.940135178,3.907705286,3.928010862,3.972954382,3.978677667,3.961585695,3.957996868,3.904804925,3.947024566,3.961221119,3.922053717,3.893962036,3.873020531,3.586058063,3.79082449,,Meat of pig with the bone fresh or chilled %
Meat of goat fresh or chilled %,2.06108502,2.131710899,2.157921627,2.099796375,2.049196884,2.017758139,1.982288751,1.982052037,1.970252433,1.948898319,1.934354072,1.933589417,1.894947283,1.903391049,1.913182518,1.945275449,1.945997902,2.008982982,2.078123556,2.092217636,2.117451793,2.140416136,2.170582393,2.100170435,2.090041668,2.128221295,2.241026196,2.324032748,2.423851561,2.434859857,2.468651965,2.520448916,2.55001769,2.643707723,2.758815678,2.912953309,2.872538001,2.971669717,2.99632158,3.107685442,3.181101149,3.197533938,3.225711777,3.294776111,3.350087816,3.320151161,3.406477089,3.4714309,3.488200535,3.348111135,3.349204151,3.459438706,3.605247223,3.666942033,3.720522792,3.770970862,3.800912182,3.846585682,4.008489066,4.044417091,,Meat of goat fresh or chilled %
Meat of chickens fresh or chilled %,0.219415386,0.225022558,0.235560969,0.233416806,0.234996399,0.233966237,0.242458734,0.248611156,0.256099321,0.265603885,0.268765733,0.277977516,0.28132189,0.2838265,0.282277674,0.2888492,0.29910008,0.330242153,0.352419063,0.370736786,0.393577421,0.407178958,0.417020711,0.430381154,0.446975117,0.474307712,0.508250502,0.528779672,0.543970409,0.563313113,0.590916843,0.62693932,0.668253958,0.680774525,0.69072108,0.727040367,0.777146726,0.690082601,0.709844169,0.756426566,0.792392983,0.86719152,0.857112274,0.87264187,0.886478007,0.892174496,0.925930073,0.952438185,0.998486545,1.019059218,0.986951902,1.003198602,1.024524887,1.025863883,1.065813514,1.105684883,1.259291269,1.279862783,1.296475712,1.265160805,,Meat of chickens fresh or chilled %
Meat of cattle with the bone fresh or chilled %,39.61895432,39.73916004,39.99659926,40.07389473,40.50284472,40.4367805,40.71634463,40.68168391,40.57368574,40.8443448,40.77157454,41.40427489,41.68813692,42.22118532,42.19324473,42.28338971,41.98451303,41.38065147,41.05764806,40.68935577,40.6991085,40.89170803,40.73563344,40.56737544,40.60803861,40.38207715,40.35802783,40.08547246,40.07864591,40.18617411,40.44404227,40.76938371,41.03673347,41.04417745,40.97519947,40.85001304,40.55781552,40.46215622,40.095482,40.38746351,40.38912005,40.56366298,40.47706208,40.21898636,40.06383427,39.97238955,39.64655346,39.51781864,38.94208897,38.63884298,38.37564296,38.30252797,38.10381867,38.10763418,38.36524816,38.43000525,38.50639459,38.68329091,39.11509197,38.95783714,,Meat of cattle with the bone fresh or chilled %
Meat of buffalo fresh or chilled %,4.321851075,4.271738829,4.238518418,4.362727761,4.330574363,4.493683687,4.548896557,4.609528854,4.661951214,4.648746816,4.555343007,4.529777431,4.506712675,4.504959943,4.389463116,4.336643972,4.305094162,4.39025983,4.410923837,4.390803667,4.433292617,4.539780957,4.593135421,4.585597091,4.659023397,4.77775275,4.751157062,4.729861022,4.662063564,4.734856344,4.68582965,4.909794926,4.983808681,4.996375334,5.009797189,4.942289224,4.88229685,4.965417098,4.984584879,5.051046035,5.074602095,5.110806514,5.156235659,5.122341427,5.124193731,5.18801135,5.206931346,5.191859897,5.474298082,5.391900432,5.333948102,5.308791389,5.245286691,5.244565408,5.196700137,5.122515865,5.052376805,5.008400637,4.99169012,4.951180006,,Meat of buffalo fresh or chilled %
Hen eggs in shell fresh %,0.537962295,0.53783197,0.528855284,0.527651723,0.535800505,0.540648863,0.553605617,0.556931074,0.567420041,0.596534365,0.604738569,0.60120032,0.59848525,0.598163298,0.591064289,0.59939108,0.603805002,0.564518376,0.571490585,0.566158141,0.561682013,0.564310795,0.56501196,0.572237409,0.586366455,0.589797795,0.600037042,0.599693923,0.595084428,0.599146644,0.610832737,0.586724488,0.586774617,0.617870275,0.625697867,0.633130941,0.655423845,0.671095107,0.683331354,0.702842761,0.71946316,0.734715581,0.7477432,0.763578671,0.773417119,0.788806458,0.796831616,0.807746839,0.811437997,0.831974394,0.837636463,0.858200199,0.861086899,0.871961511,0.876521891,0.88269852,0.885110297,0.897889474,0.923650931,0.912564159,,Hen eggs in shell fresh %
,100,100,100,100,100,100,100,100,100,100,100,100,100,100,100,100,100,100,100,100,100,100,100,100,100,100,100,100,100,100,100,100,100,100,100,100,100,100,100,100,100,100,100,100,100,100,100,100,100,100,100,100,100,100,100,100,100,100,100,100,,
